Fri Jan 23 00:56:25 UTC 2026,report_intent,success
Fri Jan 23 00:56:25 UTC 2026,bash,success
Fri Jan 23 12:50:35 AEDT 2026,report_intent,success
Fri Jan 23 12:50:36 AEDT 2026,bash,success
Fri Jan 23 12:50:40 AEDT 2026,bash,denied
Fri Jan 23 12:50:44 AEDT 2026,view,success
Fri Jan 23 12:50:48 AEDT 2026,view,success
Fri Jan 23 12:50:48 AEDT 2026,view,success
Fri Jan 23 12:50:48 AEDT 2026,view,success
Fri Jan 23 13:07:08 AEDT 2026,report_intent,success
Fri Jan 23 13:07:08 AEDT 2026,bash,success
Fri Jan 23 13:08:02 AEDT 2026,report_intent,success
Fri Jan 23 13:08:02 AEDT 2026,bash,success
Fri Jan 23 13:10:50 AEDT 2026,report_intent,success
Fri Jan 23 13:10:51 AEDT 2026,bash,success
Fri Jan 23 13:10:56 AEDT 2026,view,success
Fri Jan 23 13:10:56 AEDT 2026,view,success
Fri Jan 23 13:10:56 AEDT 2026,view,success
Fri Jan 23 13:10:56 AEDT 2026,view,success
Fri Jan 23 13:11:26 AEDT 2026,ask_user,success
Fri Jan 23 13:11:32 AEDT 2026,bash,success
Fri Jan 23 13:11:36 AEDT 2026,bash,success
